Local Authority code,Local Authority name,Robbery,Theft offences,Burglary,Non-domestic burglary,Vehicle offences,Theft            from           the         person,Bicycle                theft,Shoplifting,All other theft offences,Crime Summed
E06000014,York,0.2852226,25.9939281,4.4088641,2.5041575,3.1229454,1.0393704,4.3073442,7.2417527,5.8736512,54.7772363
E07000128,Wyre,0.2642489,21.8415418,5.3123149,3.1709873,3.7177092,0.4009294,0.9112032,4.9113855,6.5879995,47.1183197
E07000007,Wycombe,0.329493,25.7061377,3.8971073,2.2837276,4.6242643,1.1702684,0.5112823,6.703479,8.7997364,54.0254959
W06000006,Wrexham,0.3659063,29.8799095,7.6693963,3.8200619,4.1932864,0.3878607,1.0172196,9.2208391,7.3913075,63.9457873
E07000229,Worthing,0.7611198,22.1745749,3.6756516,2.1719759,1.8285438,0.9467587,2.7196109,6.4045444,6.5994654,47.2822455
E08000031,Wolverhampton,1.5447749,32.9709205,7.8928956,4.0368545,7.9833023,0.8136601,1.2499705,8.9895679,6.0415242,71.5234704
E06000041,Wokingham,0.1558516,19.7619834,4.2578658,2.524796,3.3227562,0.7293855,1.5709842,4.2453977,5.635594,42.2046145
E07000217,Woking,0.2212501,19.8421079,4.3747172,1.7297732,3.0271031,0.4726706,1.8806255,4.4853422,5.6016493,41.6352391
E08000015,Wirral,0.4300405,24.4655656,5.8616391,2.6893113,5.0171393,0.383297,0.9317544,6.8494858,5.4222499,52.050483
E06000040,Windsor and Maidenhead,0.4603678,30.3571912,7.0273783,4.2854822,6.1269532,1.5368159,1.8820917,5.0572752,8.726677,65.4602324
E07000094,Winchester,0.1988467,21.5002983,4.5900444,3.1152648,4.0680718,0.7539604,0.6131106,4.8717439,6.6033671,46.314708
E06000054,Wiltshire,0.1440054,16.2458624,3.8284855,2.4666062,3.3512106,0.4196728,0.6274519,3.3635539,4.6554877,35.1023364
E08000010,Wigan,0.8726112,33.2523865,9.9278931,4.2046817,8.3255181,0.6924993,0.9844048,5.0772929,8.2447783,71.5820658
E09000033,Westminster,7.7466271,129.0595504,12.8436353,7.8291697,17.7549226,26.1701452,4.9690671,17.5733288,49.7484513,273.6948976
E07000181,West Oxfordshire,0.1012789,15.9744409,3.8485973,3.0015376,2.7805655,0.9115099,0.6537091,2.5135576,5.2665016,35.0516983
E07000142,West Lindsey,0.2262638,26.9469465,10.0310305,6.2707409,5.4626557,0.183166,0.7218894,4.5899237,5.9582813,60.3908977
E07000127,West Lancashire,0.2483547,19.1321779,5.9959908,3.2640897,3.760799,0.3370527,0.6829753,3.4237463,4.9316138,41.7768001
E06000037,West Berkshire,0.1986925,24.0033329,4.364825,3.140623,4.7942571,0.9037303,1.1536982,5.7877195,6.9991027,51.3459813
E07000241,Welwyn Hatfield,0.6133629,29.8195201,4.8396854,2.3022115,5.8227465,1.1847147,2.1593735,8.8307454,6.9822545,62.5546145
E07000156,Wellingborough,1.6713308,44.918636,13.2022181,6.7501036,9.5874793,0.7125829,1.5417703,11.466107,8.4084784,98.2587065
E07000065,Wealden,0.1086255,13.5845777,3.8402311,2.3897611,3.0095654,0.2364202,0.1725229,1.5015878,4.8242503,29.6675421
E07000216,Waverley,0.0973118,16.3808134,4.8250416,2.870697,2.0516563,0.3000446,0.4784495,2.0840936,6.6415278,35.7296355
E07000206,Waveney,0.3012515,21.1650686,3.9593052,2.7284777,3.021122,0.5508599,1.9021879,5.0524178,6.6791758,45.3598664
E07000103,Watford,1.2655208,35.6627906,5.1865606,2.2405942,6.9914837,2.3028329,2.821489,9.4914059,8.8690186,74.8316961
E06000007,Warrington,0.3274032,25.0993043,5.1758588,2.7251499,4.5403115,0.7992489,2.2966369,6.2688076,6.0184405,53.2511616
E09000032,Wandsworth,1.8916272,41.8383438,7.2167964,2.8581057,13.6546874,2.1173508,3.2427896,4.7592706,10.847449,88.4264205
E09000031,Waltham Forest,2.3933326,35.9848066,7.4492016,2.481838,10.4141314,2.4965889,1.4566508,4.1007486,10.0674853,76.8447837
E08000030,Walsall,1.4342889,34.4012025,9.5836578,4.6795487,10.1523026,0.5831326,0.7497419,6.9323965,6.399971,74.9162426
E08000036,Wakefield,0.5542922,39.6873193,8.6709272,5.117465,9.3630434,0.9407986,1.2014657,9.0334643,10.4776201,85.0463958
E07000180,Vale of White Horse,0.0631597,16.1767841,3.0790365,2.1948004,2.8974523,0.6631771,0.9000261,3.9553777,4.6817145,34.6115282
W06000014,Vale of Glamorgan ,0.2037745,22.5954605,5.0943633,2.8763559,4.4908772,0.4467365,0.8386106,4.8984262,6.8264468,48.2710515
E07000077,Uttlesford,0.1057343,24.4363773,5.0634993,3.0427989,4.5700725,1.3393014,0.3054547,4.2411213,8.9169281,52.0212878
E07000116,Tunbridge Wells,0.1462479,17.635774,3.3464956,2.0044563,2.9593689,0.4731549,0.3699211,4.0175153,6.4693181,37.422252
E08000009,Trafford,0.9387538,28.5912692,6.8156099,2.7391036,5.2253009,1.0802099,1.5603031,6.549844,7.3600014,60.8603957
E09000030,Tower Hamlets,4.5048707,48.9405086,9.7413595,5.2805213,10.428945,6.2831091,4.7453563,4.7893888,12.95235,107.6664092
W06000020,Torfaen,0.1851126,30.3257982,7.3391698,3.8764755,6.1849384,0.3593362,0.4791149,8.0033974,7.9598415,64.7131844
E06000027,Torbay,0.5023506,23.7754268,4.9485278,2.5267483,5.5258561,0.9447189,0.4498662,4.2662308,7.640227,50.5799525
E07000115,Tonbridge and Malling,0.2545481,20.9047593,4.6614113,3.0466221,4.0568597,0.2227296,0.5488692,4.4943641,6.9205253,45.1106886
E06000034,Thurrock,0.8717551,37.975833,8.1727044,3.7715517,11.0967164,0.8535936,1.2652557,8.7901976,7.7973654,80.5949729
E07000102,Three Rivers,0.2072561,17.8458451,4.6141763,2.2034601,5.3559352,0.1308986,0.7526671,1.9634793,5.0286886,38.1024064
E07000114,Thanet,1.0588673,35.8226254,8.3135392,3.5057093,7.3047535,0.7369144,1.5739919,7.4478436,10.4455828,76.2098274
E07000083,Tewkesbury,0.1841409,19.5074232,6.2492807,3.5907469,4.5805041,0.2531937,0.7250547,2.4628841,5.2365059,42.7897341
E07000093,Test Valley,0.2319571,22.5661078,6.884154,4.6142886,3.761018,0.4804825,0.6627344,4.7468354,6.0308834,49.9784611
E07000076,Tendring,0.7295496,31.0448142,9.0804134,5.0076851,6.6084444,0.5312254,0.9632888,7.1963338,6.6651084,67.826863
E06000020,Telford and Wrekin,0.6660474,32.034541,7.7471824,4.9018749,5.3166938,0.5784095,0.9114332,8.2671668,9.2136551,69.6370042
E07000215,Tandridge,0.220866,23.655914,6.8700959,4.0802092,6.0215054,0.1511189,0.197617,1.5925603,8.8230166,51.6129032
E07000199,Tamworth,0.6092739,29.7507162,5.7427308,2.6185816,6.1316291,0.6870536,1.5815196,8.4002022,7.2075809,62.7292879
E08000008,Tameside,1.1773091,37.4844379,11.4257619,5.0069466,9.2064666,0.7848727,1.0104108,5.5843242,9.4726016,81.1531314
E06000030,Swindon,0.7091545,39.0403389,9.9465832,5.6271873,8.3532879,0.9808436,2.1412783,9.403205,8.2151409,84.4170197
W06000011,Swansea,0.264046,27.8403512,4.9054798,2.7436031,6.7042932,0.7797609,0.8333952,6.7785562,7.8388659,58.6883514
E07000113,Swale,0.498536,30.6002795,7.3656937,4.6412998,7.2954774,0.2317139,0.7934446,7.0497202,7.8642297,66.3403948
E09000029,Sutton,0.9043444,23.6378625,5.9506858,2.2633591,6.4952909,0.794424,0.6195508,3.9771166,5.8007944,50.4434285
E07000214,Surrey Heath,0.2725198,15.8175026,3.4632723,1.6805387,2.3391282,0.2043898,0.6018145,3.2815924,5.9273053,33.5880636
E08000024,Sunderland,0.4546275,33.7001624,5.888508,3.3086776,4.7916291,0.5989536,1.2412051,8.1652535,13.014613,71.1636298
E07000205,Suffolk Coastal,0.1839235,18.0245018,5.0059175,3.3506061,3.158686,0.4318204,0.831654,2.2150785,6.3813454,39.5835333
E07000082,Stroud,0.2400816,17.1658364,5.1446063,3.0953381,2.8123848,0.1457638,0.5916297,3.6783935,4.7930582,37.6670925
E06000021,Stoke-on-Trent,1.1245867,36.3523652,6.6640704,3.0280392,6.0203141,0.7192586,1.1285605,10.7849059,11.0352556,76.8573563
E06000004,Stockton-on-Tees,0.6108735,33.4183765,7.3612829,3.583107,4.8715882,0.6057402,1.3192815,10.590186,8.6702977,71.0307336
E08000007,Stockport,0.9905345,35.7735347,11.5019759,5.4098423,8.9044203,0.841608,1.1325342,6.0713531,7.3216432,77.9474463
E07000243,Stevenage,0.7517145,34.4979125,4.359944,2.648348,6.3028369,1.0292706,1.8735038,12.2355989,8.6967584,72.3958875
E07000198,Staffordshire Moorlands,0.1941133,14.0578866,2.8504,1.5835555,3.0036473,0.1736803,0.2043297,3.2897089,4.5361204,29.893442
E07000197,Stafford,0.3321055,21.8510356,5.457098,3.2984119,3.0719763,0.362297,1.4039007,5.1853753,6.3703883,47.3325886
E08000013,St. Helens,0.495462,30.5947796,8.4678963,3.4682341,6.232687,0.6249578,0.9515123,6.8970565,7.4206698,65.1532554
E07000240,St Albans,0.3360837,26.0773541,4.9315144,2.5720694,6.5364857,0.8985096,1.1728636,5.6036818,6.9342991,55.0628614
E07000213,Spelthorne,0.2945089,24.6473509,5.6972245,2.2545166,5.6362916,0.3148199,1.2694351,4.7426093,6.9869705,51.8437275
E09000028,Southwark,4.881823,51.8968861,9.8769509,4.8170773,10.987339,6.1573125,4.4059424,4.8688738,15.6004675,113.4926724
E06000033,Southend-on-Sea,1.1359694,35.2933935,7.4089826,3.3967163,8.1700261,1.3877853,2.6132892,7.3642153,8.3490951,75.1194726
E06000045,Southampton,1.3104269,48.4056473,11.9741762,8.0108361,10.6316899,1.5027832,3.8912065,10.4513559,9.9544356,106.1325575
E08000023,South Tyneside,0.464112,26.8243302,5.0850536,3.0469964,4.3115335,0.3833969,1.1031069,7.2240047,8.7172347,57.1597689
E07000196,South Staffordshire,0.3251269,17.6923216,5.9877536,3.8563662,4.09118,0.2348139,0.298033,1.9146361,5.165905,39.5661362
E07000126,South Ribble,0.3283144,23.4653583,7.2685156,4.5508021,5.025034,0.2188763,1.577733,3.5749788,5.8002207,51.809833
E07000179,South Oxfordshire,0.1382703,20.5440573,4.2063284,3.3184875,4.7375775,0.8150671,0.7495706,3.4276482,6.6078654,44.5448724
E07000149,South Norfolk,0.1068621,13.8310053,3.7936035,2.6944508,2.1906725,0.2137241,0.5343104,2.4959927,4.6027021,30.4633234
E07000031,South Lakeland,0.1256597,13.8225685,3.2864848,2.3972007,1.6529085,0.2416533,0.4833066,3.1704912,4.987724,30.1679974
E07000141,South Kesteven,0.165576,20.4306416,4.7225162,3.1315466,3.8658402,0.2879583,1.0294509,5.4856057,5.0392703,44.1584059
E07000140,South Holland,0.2083014,19.7995922,5.7228057,3.6726818,3.6617186,0.2083014,0.7564628,4.2208433,5.2294604,43.4801675
E06000025,South Gloucestershire,0.4004937,24.1825377,5.8836165,2.8762729,4.7258257,0.3021907,0.7827831,6.3860541,6.1020676,51.6418421
E07000039,South Derbyshire,0.2013713,18.7174659,5.2054491,2.9198844,5.3061348,0.1409599,0.3423313,2.9601587,4.7624322,40.5561876
E07000012,South Cambridgeshire,0.1549507,20.7181964,6.9663241,4.4290068,5.4297299,0.1678632,1.3880998,1.43975,5.3264294,46.0203502
E07000006,South Bucks,0.5497685,41.4496528,9.056713,4.6006944,9.4907407,1.0706019,0.9837963,5.4832176,15.3645833,88.0497685
E08000029,Solihull,1.473069,37.729573,8.6530923,2.8511012,12.6303785,0.5464611,1.587113,6.7903728,7.5221554,79.7833163
E06000039,Slough,1.1665088,41.9119766,7.1088421,2.7653121,11.0132159,2.0448214,2.470254,8.5361,10.7387432,87.7557742
E06000051,Shropshire,0.2665553,18.2702807,5.1705312,3.6482754,2.8678785,0.4207078,0.6679941,3.4138352,5.7293339,40.4553921
E07000112,Shepway,0.5089336,24.6105749,4.7803406,2.5901085,3.6534162,0.3544359,0.5998146,7.3522729,7.8702946,52.3201919
E08000019,Sheffield,1.3304384,41.3998038,10.0765792,3.961477,9.6728842,1.9096531,1.2145955,8.4389815,10.0871104,88.0915229
E07000111,Sevenoaks,0.3800387,24.9812092,7.3474145,4.6786984,6.9589305,0.3462575,0.3715934,3.5048012,6.4522122,55.0211555
E08000014,Sefton,0.6576375,25.9949508,6.7700132,2.8205344,4.6473053,0.4859211,1.5381412,5.4656987,7.0878713,55.4680735
E08000028,Sandwell,2.2319262,35.9706375,8.3642454,3.9786511,12.073688,0.6698909,0.6949336,6.4703949,7.6974848,78.1518524
E08000006,Salford,1.1522145,34.5379335,9.3765013,4.0673577,9.050787,0.8387144,2.4876432,4.5559292,8.2283583,74.2954392
E06000017,Rutland,0.026284,14.088209,4.2842874,2.5232613,3.8900279,0.1314199,0.4468275,1.1039268,4.2317195,30.7259633
E07000212,Runnymede,0.4205902,24.3124518,6.3439026,2.838984,4.6965909,0.3037596,1.2150384,4.0773886,7.6757717,51.8844779
E07000220,Rugby,0.4930251,28.0637646,6.5930029,3.6541864,6.9410207,0.5220266,1.5950813,5.8776331,6.535,60.2747407
E08000018,Rotherham,0.7745815,38.1807306,10.3878276,5.318537,9.3946761,0.6135299,0.5981916,7.0440898,10.1424156,82.4545796
E07000064,Rother,0.2475567,17.1567572,4.8865544,3.0998407,3.2612907,0.3659534,0.4305334,2.8415206,5.3709046,37.6609119
E07000125,Rossendale,0.4893002,28.451365,9.9730885,4.8642192,5.7132989,0.3741707,0.4605178,3.9431836,7.9871055,62.2562494
E07000075,Rochford,0.2348962,16.7246077,4.1811519,2.1375552,4.791882,0.3171098,0.2348962,3.441229,3.7583388,35.8216668
E08000005,Rochdale,1.2045099,41.3268284,12.7407269,5.5370107,9.9955648,0.8917108,0.6442727,5.9058335,11.1487196,89.3951773
E09000027,Richmond upon Thames,0.6213732,32.9789966,7.713244,3.5536384,9.8341293,1.0527397,3.7333744,3.4612027,7.1843065,70.1330047
E07000124,Ribble Valley,0.119699,16.9630643,4.4288646,3.0437756,4.5314637,0.2051984,0.3932969,1.6073871,5.7968536,37.0896033
W06000016,Rhondda Cynon Taf ,0.1642721,20.5929801,5.2230099,3.0074428,4.0267721,0.2779989,0.202181,4.5490731,6.313945,44.3576751
E07000211,Reigate and Banstead,0.2706454,18.7092297,3.8584316,1.6377516,4.2886884,0.4510756,0.5412908,3.0256766,6.5440666,39.3268563
E06000003,Redcar and Cleveland,0.3326557,36.9395675,8.6786176,5.529477,6.4387359,0.5618185,1.1975605,10.8002218,9.2626132,79.7412678
E09000026,Redbridge,2.1530157,33.8822007,7.7730944,2.0654126,11.3075443,1.7823871,0.6435462,3.7972594,8.5783694,71.9828298
E06000038,Reading,1.0943557,47.9167053,7.1596832,3.7034976,8.4086089,3.7034976,5.6696282,11.7102245,11.2650628,100.6312639
E07000123,Preston,1.0049398,42.8868664,9.6672375,5.6474785,8.4499866,1.4224852,2.5194265,9.1647677,11.662963,92.4261511
W06000023,Powys,0.1130864,12.620437,3.4529033,2.254188,1.7038344,0.1507818,0.3015636,2.2014143,4.8099395,27.6081482
E06000044,Portsmouth,0.8594717,44.2911248,6.4885388,3.5842802,9.3786303,1.0058652,5.4448946,12.2167758,9.7564201,93.0260014
E06000029,Poole,0.2125159,27.666908,6.3555523,4.2768816,4.5093208,0.6508298,1.2485307,7.3384381,7.5642362,59.8232134
E06000026,Plymouth,0.4948385,23.3601815,4.5867718,2.1430312,4.0576753,0.7765157,0.6509029,6.2235452,7.0647705,49.3582326
E06000031,Peterborough,1.4022064,46.6697598,7.3976699,4.5210846,9.9597897,1.4949995,3.9179297,10.6712032,13.2281679,99.2628106
E07000122,Pendle,0.443897,30.6621833,7.9457558,4.2059238,7.6461253,0.4882867,0.4549944,5.1824971,8.944524,65.9741874
W06000009,Pembrokeshire,0.0809953,11.5823236,2.413659,1.2878248,1.3688201,0.153891,0.2996825,2.6080477,4.7382233,24.5334672
E07000178,Oxford,0.6454686,54.8836277,6.2353516,3.760011,6.467219,4.1610789,11.7813679,12.5396368,13.6989735,114.1727349
E08000004,Oldham,1.7675882,40.2516214,11.5153169,4.9301846,9.4184722,1.1567305,0.7711537,6.8710657,10.5188824,87.2010155
E07000135,Oadby and Wigston,0.4298533,26.0956782,5.7851092,2.5432988,5.7671986,0.3403005,1.3432916,6.8955636,5.9642147,55.1645084
E07000219,Nuneaton and Bedworth,0.6887325,33.7478922,6.29359,2.9132593,9.1356011,0.6491502,1.7812047,8.5735321,7.3148141,71.0977763
E06000018,Nottingham,1.7842528,45.3808549,7.7673008,3.2298425,7.5415254,1.972399,2.9288086,12.0883911,13.08243,95.775805
E07000148,Norwich,1.4113716,43.4068783,6.3007662,3.3700098,4.8965954,1.9802408,5.4870672,15.402673,9.3395357,91.595138
E06000057,Northumberland,0.1871453,21.6929992,5.5128575,3.8095178,3.6604359,0.2696162,0.8278802,4.5834747,6.8387346,47.3826615
E07000154,Northampton,2.0273125,45.6437504,9.4712805,4.7513733,13.4674686,1.3170789,2.6296626,8.9363577,9.8219022,98.0661866
E07000134,North West Leicestershire,0.1953788,26.705194,6.3446687,3.5271011,6.9925036,0.4524561,0.3496252,4.4320133,8.133927,57.1328679
E07000218,North Warwickshire,0.5096596,32.6182171,8.9508975,4.7143517,9.0783124,0.2866835,0.4937328,3.631325,10.177266,70.4604456
E08000022,North Tyneside,0.2617362,29.1662963,6.380436,4.2124705,4.1087637,0.3950734,2.0296898,7.4273806,8.8249528,62.8067992
E06000024,North Somerset,0.5191861,28.888656,5.8872842,3.157985,6.1683115,0.5953969,0.9669245,7.4924742,7.7782647,61.4544831
E07000147,North Norfolk,0.1064777,10.0863437,2.0714756,1.2196539,1.5294072,0.3000736,0.2226352,1.7520424,4.2107097,21.4988191
E06000013,North Lincolnshire,0.7949594,31.9279237,9.474738,5.158403,6.5598869,0.5770816,1.1953833,6.3537864,7.7670475,69.8092098
E07000139,North Kesteven,0.0625693,12.9518395,3.5217562,2.5742787,2.1631092,0.134077,0.688262,2.3776324,4.0670028,28.540527
E07000099,North Hertfordshire,0.2961366,20.3954562,4.555947,2.5437371,4.0851658,0.713765,0.7821042,4.9432025,5.3152715,43.6307861
E06000012,North East Lincolnshire,1.0402958,41.843705,10.9481732,6.6365858,7.2382027,0.7582879,2.4315347,11.5748574,8.892649,91.3642915
E07000038,North East Derbyshire,0.1906884,13.8801072,4.1449633,2.2982969,4.3256155,0.0802898,0.1204348,1.826594,3.3822098,30.2491996
W06000022,Newport,0.7376378,41.4904344,7.6200015,3.9250452,7.8230211,0.9609593,1.4346717,12.8917432,10.7600376,87.6435518
E09000025,Newham,4.831484,44.6161104,6.438974,2.7342353,13.8995304,4.2425717,1.6225133,6.360853,12.051668,96.79794
E07000195,Newcastle-under-Lyme,0.3620764,24.3535755,4.7620922,2.6289897,3.7860601,0.3856901,0.6690543,4.6046676,10.1460113,51.6982172
E08000021,Newcastle upon Tyne,1.0925865,48.5688825,8.0031958,4.4761902,6.5247898,2.2124876,2.5983072,15.6649584,13.5651438,102.7065415
E07000175,Newark and Sherwood,0.3120546,27.1065793,6.0133762,3.6012786,4.5880458,0.2361494,1.6699137,7.2278589,7.3712353,58.1264917
E07000091,New Forest,0.223435,22.3490836,7.0773029,5.0496305,4.4295984,0.4133547,0.8546388,3.73695,5.8372388,49.9712327
W06000012,Neath Port Talbot,0.177315,21.5402292,4.8300613,3.127837,4.425783,0.4184635,0.7163527,5.4896732,5.6598956,46.3856105
W06000021,Monmouthshire,0.0648817,17.5829404,4.4984645,3.016999,2.9413037,0.2054587,0.4001038,3.4495437,6.0880661,38.2477616
E07000210,Mole Valley,0.1858218,19.6854966,5.9230698,3.4841587,3.3331785,0.2438911,0.7665149,2.2298616,7.1889808,43.0409737
E06000042,Milton Keynes,0.6150625,37.3354421,5.2834254,3.0447506,7.3616491,1.7611418,2.9034008,10.2497689,9.7760561,78.3306974
E06000002,Middlesbrough,1.1182074,51.6812535,11.4616261,5.4620132,7.6267481,1.3977593,2.5231347,15.2678322,13.4041531,109.9427277
E07000228,Mid Sussex,0.1716432,16.24431,3.7761498,2.2176298,3.1101743,0.5080638,0.4874666,2.2107641,6.1516914,34.877893
E09000024,Merton,1.4274192,31.4129983,7.0051084,1.9993645,9.1071298,1.0950065,1.9015961,4.5560091,7.7481485,66.2527803
W06000024,Merthyr Tydfil,0.2865619,29.7181579,6.0515137,2.5453442,7.4843234,0.4551278,0.1854224,7.5517497,7.9900209,62.268222
E07000133,Melton,0.2357008,22.0380264,5.9710874,3.4569453,3.7122879,0.1767756,0.3928347,5.853237,5.9318039,47.7686989
E06000035,Medway,0.9150355,32.5470538,6.5463015,3.8590628,8.7778308,0.600379,0.8607844,6.9875439,8.7742141,69.868206
E07000174,Mansfield,0.497391,33.2219678,7.2825557,4.2325162,7.4608656,0.9009347,1.0041668,7.7987162,8.7747288,71.1738429
E08000003,Manchester,4.0260837,63.4706916,13.7509146,4.9538745,12.8872395,8.5330346,4.0204265,8.2181138,16.0609626,135.9213414
E07000074,Maldon,0.2231325,15.6989624,5.801444,3.410739,3.5063672,0.478141,0.3028226,0.8128397,4.7973479,35.0317964
E07000110,Maidstone,0.4924042,26.5047204,5.4042882,3.4893829,4.7355911,0.7720412,0.9665712,5.4711579,9.1550709,56.9912279
E06000032,Luton,1.9188673,39.3926692,9.7573471,2.4265288,9.976247,1.3320292,1.3273718,7.5916352,9.4080387,83.1307345
E08000012,Liverpool,1.5023612,44.3436834,10.4454846,3.453968,9.5532617,3.0465126,1.8053408,8.5732793,10.9198044,93.6436959
E07000138,Lincoln,0.82419,46.8552001,9.2618349,5.7590275,7.5928502,1.0611446,4.5948591,15.8038428,8.5406686,100.2936177
E07000194,Lichfield,0.3407785,20.6414426,5.3940373,2.7554379,3.4662045,0.3699881,0.6523475,4.9169474,5.8419177,44.3791015
E09000023,Lewisham,2.9933574,33.2800807,7.0596149,2.2399731,9.1516018,1.9339107,1.2646094,4.5102161,9.3601278,71.793492
E07000063,Lewes,0.1787612,15.2046319,3.4957743,1.7776807,2.9495596,0.4071783,0.50649,2.5225189,5.3231108,32.3657057
E06000016,Leicester,1.4009404,44.7104285,9.2666369,4.2991358,10.6179606,1.5381158,3.502351,8.6508069,11.1345574,95.1209333
E08000035,Leeds,1.2789706,51.0942304,12.6721443,5.5137845,11.2303956,3.2878588,1.9042451,8.4954655,13.5041211,108.9812159
E07000121,Lancaster,0.4076383,30.1160364,7.4499413,4.0693547,6.2691959,0.7590506,1.3423951,6.5432975,7.7521559,64.7090657
E09000022,Lambeth,3.7450182,49.7239783,9.3548397,3.3936338,10.6185907,6.3280019,3.4275393,4.8392416,15.155765,106.5866086
E08000011,Knowsley,0.5773241,24.7162622,5.3996781,2.1938315,6.662999,0.3531865,0.9848469,4.9785711,6.3369807,52.2036799
E08000034,Kirklees,0.911768,35.5152065,9.8774869,4.7683626,8.4683909,1.1949687,0.4489767,6.0231948,9.5021885,76.7105436
E09000021,Kingston upon Thames,0.691543,28.3763147,5.9357441,1.7749604,5.249964,2.1841233,1.5559718,5.9472698,7.5032416,59.2191327
E06000010,"Kingston upon Hull, City of",1.3977104,54.124597,13.4288307,7.6989903,9.7337786,1.1621846,4.0039383,14.8110967,10.984768,117.3458947
E07000146,King's Lynn and West Norfolk,0.2714998,19.3095959,4.6486064,2.8275711,2.5163397,0.5761093,1.4766941,4.6287406,5.4631058,41.7182627
E07000153,Kettering,1.2288786,38.8940092,11.3671275,6.328725,9.0424987,0.952381,0.9831029,9.1961086,7.3527906,85.3456221
E09000020,Kensington and Chelsea,3.278148,72.9181858,9.1369657,3.8551528,19.1299275,7.4186328,3.7283385,10.6016701,22.9026511,152.9696724
E09000019,Islington,4.5060872,65.5271156,8.5598089,3.9570999,10.4087978,18.4591466,4.3084518,6.7854821,17.0054284,139.5174183
E06000053,Isles of Scilly,0,24.0963855,3.0120482,1.7211704,1.7211704,0,3.4423408,1.7211704,14.1996558,49.9139415
E06000046,Isle of Wight,0.3084759,18.6950751,3.6299724,2.3458517,2.2525916,0.7460813,0.6456473,4.5554001,6.8653825,40.0444779
W06000001,Isle of Anglesey,0.08574,12.9181612,3.0294803,1.7862502,1.6147701,0.1429,0.27151,3.3152803,4.5442204,27.7083125
E07000202,Ipswich,1.0914454,41.2684366,6.320059,3.5471976,7.780236,1.3864307,3.7020649,12.7138643,9.3657817,87.1755162
E07000120,Hyndburn,0.4362567,38.0789749,9.5976467,4.8611457,9.7846139,0.6730817,0.4611856,6.4565987,11.1058483,81.4553522
E07000011,Huntingdonshire,0.3715007,22.7301304,4.9723946,3.0405907,5.2067259,0.634409,1.4459952,3.4863916,6.9842141,48.8723523
E09000018,Hounslow,1.6147636,40.2649105,7.3371284,2.5523682,12.4790713,1.5403505,2.2286714,6.2990661,10.3806228,84.6969528
E07000227,Horsham,0.2208025,15.5297789,3.9302853,2.082904,2.7453116,0.4195248,0.7728089,2.8262726,4.8355757,33.3632643
E07000132,Hinckley and Bosworth,0.2114573,26.8458844,7.0424478,3.8062316,8.2560288,0.2206511,1.038899,4.4589911,5.8288667,57.7094577
E09000017,Hillingdon,1.5080525,36.4854653,7.9970444,2.4988664,11.0131493,1.3804222,1.0680639,5.9079383,9.1188473,76.9778494
E07000037,High Peak,0.1639416,19.5636968,6.0767684,3.7378683,4.8526712,0.3060243,0.273236,3.9345982,4.1203987,43.0292035
E07000098,Hertsmere,0.4854463,29.0685256,6.4176003,2.6602458,6.2816754,0.7572963,0.6019534,4.8932989,10.1167013,61.2827434
E06000019,"Herefordshire, County of",0.2551848,19.6013801,5.3748292,3.5406887,2.876145,0.4359406,1.111117,3.104748,6.6986002,42.9986337
E09000016,Havering,1.3288636,32.1055062,7.4111247,2.071582,8.535239,1.6219363,0.6824979,4.9541321,8.9005761,67.6114579
E07000090,Havant,0.3823407,27.8783343,5.2388816,3.0831306,5.1656674,0.44742,1.6595215,8.9239955,6.4428482,59.22214
E07000062,Hastings,0.9945681,32.5475152,6.6668853,3.1039269,6.8417544,1.0273561,1.1038613,7.0166235,9.8910347,69.1935255
E06000001,Hartlepool,0.4973349,45.4196534,8.3249543,4.7571168,9.265566,0.4757117,1.9028467,13.579406,11.8711686,96.0937584
E09000015,Harrow,1.4081657,27.1152835,8.016024,1.6954639,6.972039,1.3879335,0.6272003,3.4152066,6.6968802,57.3341966
E07000073,Harlow,0.6674708,34.4508589,5.7261965,3.6886542,7.4475684,1.1475813,2.4942328,8.7122498,8.9230301,73.2578428
E09000014,Haringey,5.262695,49.5191744,8.6489973,2.2831887,13.0871057,7.4725871,1.9496892,5.9370236,12.4237715,106.5842324
E07000131,Harborough,0.1904037,22.9716411,6.6977286,3.3040634,5.7345101,0.4256082,0.5264101,4.323283,5.2641011,49.4377492
E09000013,Hammersmith and Fulham,2.5026476,59.444847,8.6059863,3.444624,16.4762276,3.7065938,5.6072683,8.3217212,16.7270498,124.8369656
E06000006,Halton,0.426783,25.6306904,5.4691452,3.0981285,4.0149216,0.7350152,1.0748609,8.0693601,6.2673875,54.7862924
E09000012,Hackney,4.5909245,57.4701962,10.0888818,4.9292031,10.0368389,12.3564639,5.5723043,4.4533826,14.9623247,124.4605199
W06000002,Gwynedd,0.0895299,16.9130095,3.5242219,2.2626644,2.5882276,0.1953379,0.5371793,4.1102357,5.957807,36.1782133
E07000209,Guildford,0.1369113,21.6319825,4.004655,2.1837349,2.6081599,0.5955641,1.2390471,4.915115,8.2694414,45.5846112
E09000011,Greenwich,1.8231242,37.1866392,6.8376255,2.7874514,10.4584011,2.1033249,1.5065338,5.418427,10.8623268,78.9838539
E07000145,Great Yarmouth,0.699322,27.324232,6.527005,3.9729596,3.4459343,0.8614836,2.4222891,6.4053838,7.6621363,59.3207455
E07000088,Gosport,0.4133598,28.6044974,6.1531557,4.3461829,5.9287604,0.3070673,3.165155,5.5272109,7.5231481,61.9685374
E07000081,Gloucester,1.0066217,39.7300996,6.9677095,3.0041366,8.1630727,0.7942874,2.5322827,11.8907186,9.3820287,83.4709574
E08000037,Gateshead,0.6617047,33.3787737,5.7264821,3.3582758,5.4428944,0.4825967,0.801011,10.5972258,10.3285638,70.7775279
E07000119,Fylde,0.1163964,20.7961512,5.2249036,2.8840434,3.6988179,0.5949148,0.8406404,3.9962753,6.4405991,44.592742
E07000080,Forest of Dean,0.224735,14.3593868,4.7785768,2.7914459,2.9570401,0.0591408,0.1892506,2.2236942,4.1516843,31.7349546
W06000005,Flintshire,0.1233174,19.3738074,4.3225982,3.0569726,3.5307709,0.2076924,0.6490388,5.0170697,5.6466373,41.9279048
E07000010,Fenland,0.4335945,28.0122213,5.8182332,3.418338,5.4451402,0.4739289,1.8352139,6.5140011,7.9257041,59.8763751
E07000087,Fareham,0.2264828,20.514116,3.7021228,2.3693586,2.8136134,0.5313635,1.350186,7.1342085,4.9826218,43.6240734
E07000041,Exeter,0.4870079,29.0005341,4.3987809,2.2465203,3.9589028,1.1860999,2.073711,8.8446916,8.5383479,60.7345964
E07000036,Erewash,0.2969173,25.334032,6.2090647,3.1787617,5.4580386,0.3755131,0.9518819,6.7679679,5.5715658,54.1437429
E07000208,Epsom and Ewell,0.5953135,26.0037999,5.3071564,2.1532616,7.3844205,0.5953135,1.6719443,4.1545282,6.890437,54.7561748
E07000072,Epping Forest,0.7325894,32.727469,9.0455516,3.4393146,11.1276479,0.6554748,0.3701505,3.7554848,7.7731595,69.6268421
E09000010,Enfield,2.6550316,32.9686725,7.5357836,1.9151547,10.3765456,1.6989767,0.7155188,3.8363989,8.8054489,70.5075312
E07000207,Elmbridge,0.21105,22.8310846,6.5802367,2.5476747,4.3717495,0.3241125,1.4471998,2.7361122,7.3716741,48.4208939
E07000030,Eden,0.0570722,14.3060972,3.6335965,2.5872729,2.6823932,0.2092647,0.2663369,2.4350804,5.0794255,31.2565395
E07000086,Eastleigh,0.294512,21.9488944,5.6577306,4.3091756,4.4486813,0.5657731,1.5655638,4.5494354,5.1617103,48.5014764
E07000061,Eastbourne,0.5660469,26.0186405,4.5186161,2.2446689,3.2108525,0.8783487,1.2101693,7.9051383,8.2955155,54.8479969
E07000193,East Staffordshire,0.5256808,26.5167184,5.7911065,3.4298518,4.7397449,0.5429162,1.6287487,6.816615,6.997587,56.9889693
E06000011,East Riding of Yorkshire,0.1633574,20.3543371,6.4808352,4.478964,3.4483271,0.2999837,1.0336071,3.7334601,5.3581241,45.3509957
E07000152,East Northamptonshire,0.5682705,24.3576315,7.7775054,5.1255766,5.5378513,0.4011321,0.3677044,5.6158492,4.6575892,54.4091102
E07000137,East Lindsey,0.3045972,26.543474,9.500533,6.7083917,3.495616,0.3626158,0.6599607,5.5045073,7.0202412,60.0999369
E07000242,East Hertfordshire,0.4353264,21.1997043,4.5743821,2.294101,4.6089318,0.5182457,1.0572212,5.3897553,5.0511681,45.1288359
E07000085,East Hampshire,0.169381,20.1139934,6.1485302,4.7680751,3.9973915,0.3133548,0.5674263,3.3198675,5.767423,45.1654429
E07000009,East Cambridgeshire,0.1145397,14.0998328,4.4097771,2.5885964,2.6229583,0.4123428,0.4352507,1.9128124,4.3066914,30.9028016
E09000009,Ealing,1.9559318,37.5591371,7.6021909,2.6322003,10.0886436,1.8684833,1.6556919,5.5675554,10.776572,79.7064062
E08000027,Dudley,1.3208453,30.6701552,8.421179,4.3101269,8.8066889,0.609864,0.5119066,6.6263461,5.6941706,66.9712827
E07000108,Dover,0.5475677,21.7084113,4.2922245,2.190271,3.9301233,0.4062599,0.6623803,5.5286678,6.8887554,46.1546614
E08000017,Doncaster,0.9120346,49.5418502,12.7980106,6.6631016,10.2423453,1.1449643,1.148245,11.9384672,12.2698179,106.6588367
E07000035,Derbyshire Dales,0.1124464,15.8408883,4.9616979,3.4577272,4.0199592,0.8855155,0.1124464,1.5461382,4.3151311,35.2519502
E06000015,Derby,1.3923249,40.5858777,8.2202233,4.4483601,8.7039972,1.1406052,2.3205415,11.1543317,9.0461788,87.0124405
W06000004,Denbighshire,0.3273806,22.7582347,4.9318309,2.8302584,2.7985764,0.5174726,0.8237319,5.9562155,7.7304073,48.6741084
E06000005,Darlington,0.5123874,39.8238905,10.4470106,6.3289338,7.9609826,0.7875585,2.1918796,9.2419512,9.194508,86.4891023
E07000096,Dacorum,0.4823257,27.8361414,5.4641559,3.0393129,7.5718533,0.8589362,0.9646515,6.1050545,6.8714899,59.1939214
E09000008,Croydon,3.4878414,32.4221502,7.1550876,2.3269864,9.2367115,1.5091114,0.722896,4.7252072,9.0731365,70.6591281
E07000226,Crawley,0.6223842,38.4885986,4.4378698,2.7511185,5.9351999,2.1738346,1.8310723,10.4452302,13.6653918,80.3507
E08000026,Coventry,1.4476599,32.9342618,8.4253804,3.4193726,9.2244886,0.7643644,2.3307324,6.0193697,6.1699263,70.735556
E06000047,County Durham,0.2309047,24.1834153,6.3806656,3.9754087,4.0312106,0.2886308,0.6446089,5.7399051,7.0983943,52.5731439
E07000079,Cotswold,0.2465889,21.4649726,7.7734201,4.8965501,3.3583053,0.2231042,0.2700735,3.6048942,6.2351753,48.0730842
E06000052,Cornwall,0.1710945,15.0180923,3.2908388,2.0294719,1.900241,0.3986138,0.2293394,3.5584015,5.6406579,32.2367511
E07000150,Corby,1.4509229,30.6488767,5.9383133,2.8719299,4.6668861,0.6581506,1.8398301,9.6478894,7.8978072,65.6206061
E07000029,Copeland,0.1435812,14.6309245,3.6182463,2.2829411,1.5076026,0.1866556,0.4163855,4.3792267,4.5228079,31.6883714
W06000003,Conwy,0.215113,19.2569137,4.4485364,2.4350789,2.0134575,0.3011582,0.5937118,5.5327058,6.3673441,41.1640193
E07000071,Colchester,0.5056024,26.3728736,5.3985289,2.5715047,5.0777703,0.8807268,1.8321291,6.2194532,6.9642653,55.8228543
E07000118,Chorley,0.2124477,21.8644053,5.2580797,3.0893431,4.9482601,0.3806354,0.6993069,3.797502,6.7806212,47.0306013
E07000005,Chiltern,0.1798086,15.5058438,4.0932889,2.0519329,3.4904014,0.4653869,0.3278862,2.2740494,4.854831,33.2434291
E07000225,Chichester,0.1367802,22.8422924,5.0608672,3.4451511,4.0093694,0.4017918,1.906374,4.7360142,6.7278758,49.2665162
E07000034,Chesterfield,0.4022719,25.2377714,6.1969025,3.2852203,4.2238547,0.5076288,0.4214277,7.4899193,6.3980384,54.163035
E06000050,Cheshire West and Chester,0.2395805,22.1731748,4.5340609,2.7372072,2.8839502,0.5300718,1.3236822,6.8699707,6.031439,47.3231372
E06000049,Cheshire East,0.2077828,19.3664223,3.8066874,2.008567,3.1780113,0.4581877,0.7965007,5.5382107,5.5888245,40.9491944
E07000177,Cherwell,0.3366541,35.1700447,4.8643078,2.6520096,5.5994504,1.6420474,1.5252491,12.6073514,8.9316386,73.328753
E07000078,Cheltenham,0.7963624,39.2272716,8.9997517,4.9665613,9.7276098,0.933371,2.8857434,9.5220969,7.1586988,84.2174669
E07000070,Chelmsford,0.5097371,28.7769784,6.4528088,3.5044428,5.340655,1.0947764,2.3517418,6.1573929,7.3796036,61.5681368
E07000130,Charnwood,0.3791308,34.7555455,10.106383,4.1704391,7.9108194,0.5205976,2.0314622,6.926211,7.2600724,74.0606609
W06000008,Ceredigion,0.0669864,16.4652608,4.1397605,2.2373463,1.6210712,0.2947402,0.3885212,3.2287452,6.7924225,35.2348544
E06000056,Central Bedfordshire,0.6349855,27.2459875,6.999438,3.3209012,7.7803972,0.3539862,1.1969842,4.6857552,6.2294268,58.4478619
E07000069,Castle Point,0.7513485,20.1854822,6.4817826,2.3213304,5.4612943,0.2915681,0.6728494,2.5456136,4.7323741,43.4436433
W06000010,Carmarthenshire,0.1674562,14.428245,2.8089432,1.6475532,2.3011727,0.172858,0.2808943,3.6246171,5.2397595,30.6714995
E07000028,Carlisle,0.2219037,24.2614766,4.5490269,2.5981231,3.3378022,0.6009893,1.0170589,8.6912302,6.0653691,51.34298
W06000015,Cardiff,0.5291746,47.3485273,7.7248292,4.5189831,11.1966626,1.8255124,4.4209878,11.3478553,10.83268,99.7452122
E07000106,Canterbury,0.6188854,27.5435251,5.426187,3.2819679,3.6945582,0.8876942,1.956678,6.9327665,8.6456412,58.9879036
E07000192,Cannock Chase,0.4465418,24.7323286,5.1656772,2.3138986,4.6683919,0.4769879,0.5480286,7.2867509,6.5864921,52.2250977
E09000007,Camden,4.1234718,72.9779846,10.794038,5.2186394,11.9887662,13.6190725,4.5756433,7.3260073,24.6744573,155.2980806
E07000008,Cambridge,0.9166813,53.8091928,7.4938697,3.6132522,7.2952554,3.0174093,17.9058416,7.9445713,10.1522455,112.148319
E08000033,Calderdale,0.8109327,41.4727306,11.3578565,6.2139519,10.916402,1.2427904,0.5998023,6.0124183,11.3434612,89.9703458
W06000018,Caerphilly,0.1720655,20.6756067,5.23412,3.3913545,5.4394885,0.2164694,0.3663329,2.8474057,6.5717901,44.9146333
E08000002,Bury,1.3146409,35.585787,9.6602159,3.8161845,6.9244853,1.1283558,0.7983649,8.3349301,8.739435,76.3023994
E07000117,Burnley,0.7096176,52.0538852,17.6030948,9.0304563,11.7544723,1.1788809,0.9728628,9.0190109,11.5255634,113.8478443
E07000095,Broxbourne,0.8730266,28.4045439,4.9159712,2.4423958,6.5373063,0.9873515,1.0289242,7.2648285,7.6701622,60.1245102
E09000006,Bromley,1.3144245,31.1952644,7.0461772,2.3764302,8.1112613,1.120493,0.6279686,5.3869857,8.9023786,66.0813835
E07000144,Broadland,0.157943,9.2396626,2.1875099,1.4214866,1.3820008,0.1658401,0.4580346,1.9505954,3.0956818,20.0587548
E06000023,"Bristol, City of ",1.4443792,52.2691664,10.7427091,5.285671,13.2620268,1.631325,3.9659224,10.954136,11.713047,111.268383
E06000043,Brighton and Hove,1.2373982,36.3157083,5.4999369,2.7447104,5.3141519,2.6255276,3.0321513,6.8915717,12.9523689,76.6135251
W06000013,Bridgend,0.1548293,18.3120795,4.0748248,2.4983813,3.2021507,0.3729978,0.3659601,4.3704079,5.9257383,39.2773696
E07000068,Brentwood,0.5390694,30.1089972,8.8880708,4.4045913,9.2562157,0.9992506,0.8020301,2.747939,7.415491,65.1616551
E09000005,Brent,2.7221214,37.2424478,8.3577151,2.4536128,10.3576411,2.3301606,1.3703196,4.5924225,10.2341889,79.6606299
E07000143,Breckland,0.2361972,14.5261293,3.2255683,2.0298199,2.6867434,0.3542958,0.5462061,3.3067611,4.4065545,31.3182758
E07000067,Braintree,0.4588986,20.5307263,6.6241022,3.1923384,4.396116,0.4322958,1.0109072,2.9994679,5.0678372,44.7126895
E08000032,Bradford,1.3253611,49.3565221,13.2008976,5.6196063,13.8560477,1.5380966,0.817055,8.4567074,11.4877178,105.6580117
E06000036,Bracknell Forest,0.2353297,19.3474643,3.0088585,1.9414701,3.4795179,0.6975845,1.2606949,5.5470575,5.353751,40.8717285
E06000028,Bournemouth,0.7300171,41.8268934,8.0815974,4.73997,8.436324,1.9895536,2.9149273,8.7036542,11.7008369,89.1237739
E07000136,Boston,0.3886281,28.3100655,5.8443694,3.3182864,3.6172312,0.3288392,2.9595528,9.297181,6.262892,60.3270455
E08000001,Bolton,1.0368619,38.4917211,10.595876,5.1274949,8.4333799,1.0688199,0.8415625,5.9797102,11.5723726,83.147799
E07000033,Bolsover,0.2442787,20.4551299,5.0784263,3.2013371,6.0941116,0.1028542,0.39856,3.0213422,5.7598354,44.3558755
W06000019,Blaenau Gwent,0.1150351,26.731278,7.9374209,4.587024,6.6432762,0.1437939,0.2732083,4.21316,7.5204187,58.1646152
E06000009,Blackpool,1.4615484,55.689292,13.1324421,7.2217685,9.6361891,3.1237014,2.7081632,9.5000645,17.5887317,120.0619009
E06000008,Blackburn with Darwen,0.5584081,35.7653596,8.0356292,4.6851804,9.0094385,0.987429,0.6401264,6.537461,10.5552756,76.7743078
E07000129,Blaby,0.1968015,30.2349188,6.3183626,2.6309248,9.5396917,0.1968015,0.5075406,5.085764,8.5867584,63.2975638
E08000025,Birmingham,2.8479979,39.8134809,9.0749001,3.34651,12.7003609,1.457743,1.435247,7.1375417,8.0076882,85.8214697
E09000004,Bexley,0.9581155,23.5151275,4.4436735,1.6643127,7.5658085,0.7722741,0.730976,3.4153513,6.587044,49.6526831
E06000055,Bedford,0.8060053,33.1544884,6.3036836,3.1638717,8.0780983,0.8180353,2.6947044,8.1202031,7.1397637,70.2788538
E06000022,Bath and North East Somerset,0.4759999,24.8060841,4.7599987,2.6342266,5.4199076,0.6815453,1.1683633,5.987862,6.7884072,52.7223947
E07000171,Bassetlaw,0.3055888,34.3132547,9.2200501,5.9109602,8.8620747,0.3754376,0.724682,6.0157335,9.1152768,74.8430583
E07000066,Basildon,1.0015353,38.2069216,11.9468856,3.3622971,10.4005591,0.9520088,0.9685177,6.2073178,7.7316326,80.7776757
E07000027,Barrow-in-Furness,0.2221729,20.1732948,4.4730801,2.2809746,2.23654,0.340665,1.0368066,6.7096201,5.376583,42.8497371
E08000016,Barnsley,0.6685637,36.8754675,9.1969296,5.1897258,9.0715739,0.6769208,0.4638161,7.6675901,9.798637,79.6092245
E09000003,Barnet,1.2194126,35.8027975,8.6596733,2.6626915,9.8000743,1.8251684,0.6057557,4.5642378,10.3478882,75.4876992
E09000002,Barking and Dagenham,2.6339372,35.6720253,6.6838632,2.1784443,11.6249709,1.6734413,0.990202,4.589586,10.1099619,76.1564321
E07000004,Aylesbury Vale,0.264961,22.7230574,4.7639992,2.9198705,4.8911805,0.9432612,0.9114659,5.8609379,5.3522127,48.6309464
E07000105,Ashford,0.6036217,27.9839034,6.2535211,4.2897384,5.0462777,0.4587525,1.9396378,5.6740443,8.61167,60.861167
E07000170,Ashfield,0.4531698,29.6664347,8.4726561,5.8831146,6.6276077,0.331785,0.8011394,5.7860068,7.6472397,65.6691537
E07000224,Arun,0.3595921,24.1183572,4.2894203,2.2153443,4.3921609,0.5522308,1.7273264,6.357075,6.8001438,50.8116508
E07000032,Amber Valley,0.249861,21.238182,5.7629222,3.3207328,4.5861577,0.3627014,0.2821011,5.2470803,4.9972193,46.0469577
E07000026,Allerdale,0.0827643,19.2013242,4.3865094,2.5967308,2.4829299,0.2379474,0.4448583,6.8384026,4.8106766,41.0821436
E07000223,Adur,0.5517981,14.4728752,3.6891643,2.0022387,2.2860206,0.3941415,0.8040486,2.4436772,4.855823,31.4997872